,CALL_TRANSCRIPTS,INPUT_PRICE_GPT3.5,SENTIMENT_3_5,FOLLOW_UP_FLAG,VADER_OUTPUT,OUTPUT_PRICE_SENTIMENT,OUTPUT_PRICE_FOLLOW_UP,PAIN_POINTS
0,"Order Number: 100000009 CCE: Hello, this is XYZ Retail. My name is Emily. How may I assist you today? C: Hi Emily, I ordered a laptop last week, and it's not working properly. CCE: I'm really sorry to hear that. Could you please provide me with your order number? C: It's 100000009. CCE: Thank you. I see your order here. Could you please describe the issue with the laptop? C: It keeps freezing, and the battery drains very quickly. CCE: That's certainly not the experience we want you to have. We can arrange a return and send you a replacement, or if you prefer, we can process a refund. C: I'd like a replacement, please. CCE: Absolutely, I'll initiate that right away. You'll receive an email with the return shipping label, and once we receive the defective laptop, we'll send out the replacement. C: Thank you, Emily. I appreciate your help. CCE: You're welcome! Is there anything else I can assist you with today? C: No, that's all. Thanks. CCE: Thank you for calling XYZ Retail. Have a great day!  ",0.00038,0.8,0,0.9838,0.00051,0.00051,Defective laptop
1,"Order Number: 100000011 CCE: Hello, this is XYZ Retail. My name is Sarah. How may I assist you today? C: Hi Sarah, I received my order, but one item is missing. CCE: I'm really sorry to hear that. Could you please provide me with your order number? C: It's 100000011. CCE: Thank you. I see your order here. It looks like the missing item is a set of headphones. Is that correct? C: Yes, that's correct. CCE: I apologize for the oversight. I'll have the headphones sent to you right away. You should receive them within 3-5 business days. C: Thank you, Sarah. I appreciate your prompt response. CCE: You're welcome! Is there anything else I can assist you with today? C: No, that's all. Thanks. CCE: Thank you for calling XYZ Retail. Have a great day!  ",0.00038,0.8,0,0.988,0.00051,0.00051,Missing Item.
2,"Order Number: 100000013 CCE: Hello, this is Hooli. My name is Lisa. How may I assist you today? C: Hi Lisa, I want to return a product I bought, but I'm having trouble with the online return process. CCE: I'm sorry to hear that you're having trouble. Could you please provide me with your order number? C: It's 100000013. CCE: Thank you. I see your order here. What seems to be the problem with the online return process? C: It's not accepting my order number. CCE: That's strange. Let me handle the return process for you. May I know the reason for the return? C: The product doesn't match the description on the website. CCE: I apologize for that. I'll process the return right away, and you'll receive an email with the return shipping label. C: Thank you, Lisa. That was really helpful. CCE: You're welcome! Is there anything else I can assist you with today? C: No, that's all. Thanks. CCE: Thank you for calling Hooli. Have a great day!  ",0.00038,0.3,0,0.9666,0.00051,0.00051,Order Number Issue
3,"Order Number: 100000015 CCE: Hello, this is Hooli. My name is Anna. How may I assist you today? C: Hi Anna, I ordered a tablet last week, and it's not charging. CCE: I'm really sorry to hear that. Could you please provide me with your order number? C: It's 100000015. CCE: Thank you. I see your order here. We can arrange a return and send you a replacement, or if you prefer, we can process a refund. C: I'd like a replacement, please. CCE: Absolutely, I'll initiate that right away. You'll receive an email with the return shipping label, and once we receive the defective tablet, we'll send out the replacement. C: Thank you, Anna. I appreciate your help. CCE: You're welcome! Is there anything else I can assist you with today? C: No, that's all. Thanks. CCE: Thank you for calling Hooli. Have a great day!  Transcript 8: ",0.00038,0.8,0,0.9782,0.00051,0.00051,defective tablet
4,"Order Number: 100000017 CCE: Hello, this is Hooli. My name is Clara. How can I assist you today? C: Hi Clara, I received my order, but one item is missing. CCE: I'm really sorry to hear that. Could you please provide me with your order number? C: It's 100000017. CCE: Thank you. I see your order here. It looks like the missing item is a set of headphones. Is that correct? C: Yes, that's correct. CCE: I apologize for the oversight. I'll have the headphones sent to you right away. You should receive them within 3-5 business days. C: Thank you, Clara. I appreciate your prompt response. CCE: You're welcome! Is there anything else I can assist you with today? C: No, that's all. Thanks. CCE: Thank you for calling Hooli. Have a great day!  Transcript 10: ",0.00038,0.9,0,0.988,0.00051,0.00051,Missing item.
5,"Order Number: 100000019 CCE: Hello, this is Hooli. My name is Emma. How may I assist you today? C: Hi Emma, I want to return a product I bought, but I'm having trouble with the online return process. CCE: I'm sorry to hear that you're having trouble. Could you please provide me with your order number? C: It's 100000019. CCE: Thank you. I see your order here. What seems to be the problem with the online return process? C: It's not accepting my order number. CCE: That's strange. Let me handle the return process for you. May I know the reason for the return? C: The product doesn't match the description on the website. CCE: I apologize for that. I'll process the return right away, and you'll receive an email with the return shipping label. C: Thank you, Emma. That was really helpful. CCE: You're welcome! Is there anything else I can assist you with today? C: No, that's all. Thanks. CCE: Thank you for calling Hooli. Have a great day!  Transcript 12: ",0.00038,0.8,0,0.9666,0.00051,0.00051,Return Process Error
6,"Order Number: 100000021 CCE: Hello, this is Hooli. My name is Grace. How may I assist you today? C: Hi Grace, I ordered a camera last week, and it's not working properly. CCE: I'm really sorry to hear that. Could you please provide me with your order number? C: It's 100000021. CCE: Thank you. I see your order here. We can arrange a return and send you a replacement, or if you prefer, we can process a refund. C: I'd like a replacement, please. CCE: Absolutely, I'll initiate that right away. You'll receive an email with the return shipping label, and once we receive the defective camera, we'll send out the replacement. C: Thank you, Grace. I appreciate your help. CCE: You're welcome! Is there anything else I can assist you with today? C: No, that's all. Thanks. CCE: Thank you for calling Hooli. Have a great day!  Transcript 14: ",0.00038,0.8,0,0.9868,0.00051,0.00051,Defective camera.
7,"Order Number: 100000023 CCE: Hello, this is Hooli. My name is Isabella. How can I assist you today? C: Hi Isabella, I received my order, but one item is missing. CCE: I'm really sorry to hear that. Could you please provide me with your order number? C: It's 100000023. CCE: Thank you. I see your order here. It looks like the missing item is a set of headphones. Is that correct? C: Yes, that's correct. CCE: I apologize for the oversight. I'll have the headphones sent to you right away. You should receive them within 3-5 business days. C: Thank you, Isabella. I appreciate your prompt response. CCE: You're welcome! Is there anything else I can assist you with today? C: No, that's all. Thanks. CCE: Thank you for calling Hooli. Have a great day!  Transcript 16: ",0.00038,0.75,0,0.988,0.00051,0.00051,Missing item.
8,"Order Number: 100000025 CCE: Hello, this is Hooli. My name is Kate. How may I assist you today? C: Hi Kate, I want to return a product I bought, but I'm having trouble with the online return process. CCE: I'm sorry to hear that you're having trouble. Could you please provide me with your order number? C: It's 100000025. CCE: Thank you. I see your order here. What seems to be the problem with the online return process? C: It's not accepting my order number. CCE: That's strange. Let me handle the return process for you. May I know the reason for the return? C: The product doesn't match the description on the website. CCE: I apologize for that. I'll process the return right away, and you'll receive an email with the return shipping label. C: Thank you, Kate. That was really helpful. CCE: You're welcome! Is there anything else I can assist you with today? C: No, that's all. Thanks. CCE: Thank you for calling Hooli. Have a great day!  Transcript 18: ",0.00038,0.7,0,0.9666,0.00051,0.00051,Order Number Issue
9,"Order Number: 100000027 CCE: Hello, this is Hooli. My name is Mia. How may I assist you today? C: Hi Mia, I ordered a laptop last week, and it's not working properly. CCE: I'm really sorry to hear that. Could you please provide me with your order number? C: It's 100000027. CCE: Thank you. I see your order here. We can arrange a return and send you a replacement, or if you prefer, we can process a refund. C: I'd like a replacement, please. CCE: Absolutely, I'll initiate that right away. You'll receive an email with the return shipping label, and once we receive the defective laptop, we'll send out the replacement. C: Thank you, Mia. I appreciate your help. CCE: You're welcome! Is there anything else I can assist you with today? C: No, that's all. Thanks. CCE: Thank you for calling Hooli. Have a great day!  Transcript 20: ",0.00038,1,0,0.9667,0.00051,0.00051,Defective laptop
10,"Transcript 10: Order Number: 100000018 CCE: Good day! This is Hooli, my name is David. How can I assist you today? C: Hi David, I ordered a smartwatch last week, and it's not syncing with my phone. CCE: I'm really sorry to hear that. Could you please provide me with your order number? C: It's 100000018. CCE: Thank you. I see your order here. We can arrange a return and send you a replacement, or if you prefer, we can process a refund. C: I'd like a replacement, please. CCE: Absolutely, I'll initiate that right away. You'll receive an email with the return shipping label, and once we receive the defective smartwatch, we'll send out the replacement. C: Thank you, David. I appreciate your help. CCE: You're welcome! Is there anything else I can assist you with today? C: No, that's all. Thanks. CCE: Thank you for calling Hooli. Have a great day!  ",0.00038,0.8,0,0.9825,0.00051,0.00051,Defective smartwatch.
11,"Transcript 12: Order Number: 100000020 CCE: Good day! This is Hooli, my name is Frank. How can I assist you today? C: Hi Frank, I received my order, but one item is missing. CCE: I'm really sorry to hear that. Could you please provide me with your order number? C: It's 100000020. CCE: Thank you. I see your order here. It looks like the missing item is a set of headphones. Is that correct? C: Yes, that's correct. CCE: I apologize for the oversight. I'll have the headphones sent to you right away. You should receive them within 3-5 business days. C: Thank you, Frank. I appreciate your prompt response. CCE: You're welcome! Is there anything else I can assist you with today? C: No, that's all. Thanks. CCE: Thank you for calling Hooli. Have a great day!  ",0.00038,0.8,0,0.9891,0.00051,0.00051,missing item
12,"Transcript 14: Order Number: 100000022 CCE: Good day! This is Hooli, my name is Harry. How can I assist you today? C: Hi Harry, I want to return a product I bought, but I'm having trouble with the online return process. CCE: I'm sorry to hear that you're having trouble. Could you please provide me with your order number? C: It's 100000022. CCE: Thank you. I see your order here. What seems to be the problem with the online return process? C: It's not accepting my order number. CCE: That's strange. Let me handle the return process for you. May I know the reason for the return? C: The product doesn't match the description on the website. CCE: I apologize for that. I'll process the return right away, and you'll receive an email with the return shipping label. C: Thank you, Harry. That was really helpful. CCE: You're welcome! Is there anything else I can assist you with today? C: No, that's all. Thanks. CCE: Thank you for calling Hooli. Have a great day!  ",0.00038,0.7,0,0.9714,0.00051,0.00051,Return Process
13,"Transcript 16: Order Number: 100000024 CCE: Good day! This is Hooli, my name is Jack. How can I assist you today? C: Hi Jack, I ordered a gaming console last week, and it's not working properly. CCE: I'm really sorry to hear that. Could you please provide me with your order number? C: It's 100000024. CCE: Thank you. I see your order here. We can arrange a return and send you a replacement, or if you prefer, we can process a refund. C: I'd like a replacement, please. CCE: Absolutely, I'll initiate that right away. You'll receive an email with the return shipping label, and once we receive the defective console, we'll send out the replacement. C: Thank you, Jack. I appreciate your help. CCE: You're welcome! Is there anything else I can assist you with today? C: No, that's all. Thanks. CCE: Thank you for calling Hooli. Have a great day!  ",0.00038,0.8,0,0.9825,0.00051,0.00051,defective console
14,"Transcript 18: Order Number: 100000026 CCE: Good day! This is Hooli, my name is Luke. How can I assist you today? C: Hi Luke, I received my order, but one item is missing. CCE: I'm really sorry to hear that. Could you please provide me with your order number? C: It's 100000026. CCE: Thank you. I see your order here. It looks like the missing item is a set of headphones. Is that correct? C: Yes, that's correct. CCE: I apologize for the oversight. I'll have the headphones sent to you right away. You should receive them within 3-5 business days. C: Thank you, Luke. I appreciate your prompt response. CCE: You're welcome! Is there anything else I can assist you with today? C: No, that's all. Thanks. CCE: Thank you for calling Hooli. Have a great day!  ",0.00038,0.9,0,0.9891,0.00051,0.00051,Missing headphones.
15,"Transcript 20: Order Number: 100000028 CCE: Good day! This is Hooli, my name is Noah. How can I assist you today? C: Hi Noah, I want to return a product I bought, but I'm having trouble with the online return process. CCE: I'm sorry to hear that you're having trouble. Could you please provide me with your order number? C: It's 100000028. CCE: Thank you. I see your order here. What seems to be the problem with the online return process? C: It's not accepting my order number. CCE: That's strange. Let me handle the return process for you. May I know the reason for the return? C: The product doesn't match the description on the website. CCE: I apologize for that. I'll process the return right away, and you'll receive an email with the return shipping label. C: Thank you, Noah. That was really helpful. CCE: You're welcome! Is there anything else I can assist you with today? C: No, that's all. Thanks. CCE: Thank you for calling Hooli. Have a great day!  ",0.00038,0.8,0,0.9714,0.00051,0.00051,Order number issue
16,"Transcript 7: Order Number: 100000015 CCE: Hello, this is Hooli. My name is Anna. How may I assist you today? C: Hi Anna, I ordered a tablet last week, and it's not charging. CCE: I'm really sorry to hear that. Could you please provide me with your order number? C: It's 100000015. CCE: Thank you. I see your order here. We can arrange a return and send you a replacement, or if you prefer, we can process a refund. C: I'd like a replacement, please. CCE: Absolutely, I'll initiate that right away. You'll receive an email with the return shipping label, and once we receive the defective tablet, we'll send out the replacement. C: Thank you, Anna. I appreciate your help. CCE: You're welcome! Is there anything else I can assist you with today? C: No, that's all. Thanks. CCE: Thank you for calling Hooli. Have a great day!  ",0.00038,0.8,0,0.9782,0.00051,0.00051,Defective tablet.
17,"Transcript 9: Order Number: 100000017 CCE: Hello, this is Hooli. My name is Clara. How can I assist you today? C: Hi Clara, I received my order, but one item is missing. CCE: I'm really sorry to hear that. Could you please provide me with your order number? C: It's 100000017. CCE: Thank you. I see your order here. It looks like the missing item is a set of headphones. Is that correct? C: Yes, that's correct. CCE: I apologize for the oversight. I'll have the headphones sent to you right away. You should receive them within 3-5 business days. C: Thank you, Clara. I appreciate your prompt response. CCE: You're welcome! Is there anything else I can assist you with today? C: No, that's all. Thanks. CCE: Thank you for calling Hooli. Have a great day!  ",0.00038,0.8,0,0.988,0.00051,0.00051,Missing headphones.
18,"Transcript 11: Order Number: 100000019 CCE: Hello, this is Hooli. My name is Emma. How may I assist you today? C: Hi Emma, I want to return a product I bought, but I'm having trouble with the online return process. CCE: I'm sorry to hear that you're having trouble. Could you please provide me with your order number? C: It's 100000019. CCE: Thank you. I see your order here. What seems to be the problem with the online return process? C: It's not accepting my order number. CCE: That's strange. Let me handle the return process for you. May I know the reason for the return? C: The product doesn't match the description on the website. CCE: I apologize for that. I'll process the return right away, and you'll receive an email with the return shipping label. C: Thank you, Emma. That was really helpful. CCE: You're welcome! Is there anything else I can assist you with today? C: No, that's all. Thanks. CCE: Thank you for calling Hooli. Have a great day!  ",0.00038,0.8,0,0.9666,0.00051,0.00051,Return Process Error
19,"Transcript 13: Order Number: 100000021 CCE: Hello, this is Hooli. My name is Grace. How may I assist you today? C: Hi Grace, I ordered a camera last week, and it's not working properly. CCE: I'm really sorry to hear that. Could you please provide me with your order number? C: It's 100000021. CCE: Thank you. I see your order here. We can arrange a return and send you a replacement, or if you prefer, we can process a refund. C: I'd like a replacement, please. CCE: Absolutely, I'll initiate that right away. You'll receive an email with the return shipping label, and once we receive the defective camera, we'll send out the replacement. C: Thank you, Grace. I appreciate your help. CCE: You're welcome! Is there anything else I can assist you with today? C: No, that's all. Thanks. CCE: Thank you for calling Hooli. Have a great day!  ",0.00038,0.7,0,0.9868,0.00051,0.00051,Defective product.
20,"Transcript 15: Order Number: 100000023 CCE: Hello, this is Hooli. My name is Isabella. How can I assist you today? C: Hi Isabella, I received my order, but one item is missing. CCE: I'm really sorry to hear that. Could you please provide me with your order number? C: It's 100000023. CCE: Thank you. I see your order here. It looks like the missing item is a set of headphones. Is that correct? C: Yes, that's correct. CCE: I apologize for the oversight. I'll have the headphones sent to you right away. You should receive them within 3-5 business days. C: Thank you, Isabella. I appreciate your prompt response. CCE: You're welcome! Is there anything else I can assist you with today? C: No, that's all. Thanks. CCE: Thank you for calling Hooli. Have a great day!  ",0.00038,0.8,0,0.988,0.00051,0.00051,missing item
21,"Transcript 17: Order Number: 100000025 CCE: Hello, this is Hooli. My name is Kate. How may I assist you today? C: Hi Kate, I want to return a product I bought, but I'm having trouble with the online return process. CCE: I'm sorry to hear that you're having trouble. Could you please provide me with your order number? C: It's 100000025. CCE: Thank you. I see your order here. What seems to be the problem with the online return process? C: It's not accepting my order number. CCE: That's strange. Let me handle the return process for you. May I know the reason for the return? C: The product doesn't match the description on the website. CCE: I apologize for that. I'll process the return right away, and you'll receive an email with the return shipping label. C: Thank you, Kate. That was really helpful. CCE: You're welcome! Is there anything else I can assist you with today? C: No, that's all. Thanks. CCE: Thank you for calling Hooli. Have a great day!  ",0.00038,0.8,0,0.9666,0.00051,0.00051,Return Process
22,"Transcript 19: Order Number: 100000027 CCE: Hello, this is Hooli. My name is Mia. How may I assist you today? C: Hi Mia, I ordered a laptop last week, and it's not working properly. CCE: I'm really sorry to hear that. Could you please provide me with your order number? C: It's 100000027. CCE: Thank you. I see your order here. We can arrange a return and send you a replacement, or if you prefer, we can process a refund. C: I'd like a replacement, please. CCE: Absolutely, I'll initiate that right away. You'll receive an email with the return shipping label, and once we receive the defective laptop, we'll send out the replacement. C: Thank you, Mia. I appreciate your help. CCE: You're welcome! Is there anything else I can assist you with today? C: No, that's all. Thanks. CCE: Thank you for calling Hooli. Have a great day!  ",0.00038,0.8,0,0.9667,0.00051,0.00051,Defective laptop.
